{
  "columns": [-100, -20, 20, 140],
  "index": [0, 1, 2, 3, 4, 5, 6, 7],
  "data": [
    [512.1739130435, 494.1176470588, 410.0, 0.0],
    [347.0588235294, 401.8181818182, 483.3962264151, 599.6226415094],
    [284.2857142857, 359.1011235955, 394.5833333333, 479.595959596],
    [185.3731343284, 273.3333333333, 322.2680412371, 433.4210526316],
    [140.1104972376, 211.968503937, 257.4054054054, 315.3203342618],
    [45.2324037185, 113.5555555556, 164.1414141414, 276.7893961708],
    [-10.45609258, 48.2629107981, 94.2574257426, 174.4090587403],
    [-100.0, -20.0, 20.0, 140.0]
  ]
}
